InvoiceNo,StockCode,Description,Quantity,InvoiceDate,UnitPrice,CustomerID
536021,21730,GLASS STAR FROSTED T-LIGHT HOLDER,6.0,2023-10-10 00:29:01,0.0,12877
C536063,22748,POPPY'S PLAYHOUSE KITCHEN,-3.0,2023-10-08 16:52:20,2.1,12549
C536063,84879,ASSORTED COLOUR BIRD ORNAMENT,-5.0,2023-10-08 16:52:20,1.69,12549
C536063,22630,DOORMAT KEEP CALM AND COME IN,-2.0,2023-10-08 16:52:20,6.75,12549
C536063,22745,POPPY'S PLAYHOUSE BEDROOM,-3.0,2023-10-08 16:52:20,2.1,12549
C536063,84029G,KNITTED UNION FLAG HOT WATER BOTTLE,-5.0,2023-10-08 16:52:20,3.39,12549
C536063,85099B,JUMBO BAG RED RETROSPOT,-3.0,2023-10-08 16:52:20,1.95,12549
C536090,22752,SET 7 BABUSHKA NESTING BOXES,-5.0,2023-02-24 02:30:35,7.65,12486
C536090,22086,PAPER CHAIN KIT 50'S CHRISTMAS,-2.0,2023-02-24 02:30:35,2.55,12486
C536090,22745,POPPY'S PLAYHOUSE BEDROOM,-1.0,2023-02-24 02:30:35,2.1,12486
C536090,22386,JUMBO BAG PINK POLKADOT,-5.0,2023-02-24 02:30:35,1.95,12486
C536090,85099B,JUMBO BAG RED RETROSPOT,-2.0,2023-02-24 02:30:35,1.95,12486
C536179,22749,POPPY'S PLAYHOUSE LIVINGROOM,-3.0,2023-04-28 20:24:48,2.1,12904
C536179,20725,LUNCH BAG RED RETROSPOT,-2.0,2023-04-28 20:24:48,1.65,12904
C536179,22745,POPPY'S PLAYHOUSE BEDROOM,-4.0,2023-04-28 20:24:48,2.1,12904
C536179,71053,WHITE METAL LANTERN,-4.0,2023-04-28 20:24:48,3.39,12904
C536179,20728,LUNCH BAG CARS BLUE,-5.0,2023-04-28 20:24:48,1.65,12904
C536197,20727,LUNCH BAG BLACK SKULL.,-4.0,2023-06-27 04:58:48,1.65,12703
C536197,22384,LUNCH BAG PINK POLKADOT,-1.0,2023-06-27 04:58:48,1.65,12703
C536197,22382,LUNCH BAG SPACEBOY DESIGN,-3.0,2023-06-27 04:58:48,1.65,12703
C536197,22411,JUMBO SHOPPER VINTAGE RED PAISLEY,-5.0,2023-06-27 04:58:48,1.95,12703
C536213,20728,LUNCH BAG CARS BLUE,-2.0,2023-11-21 01:07:21,1.65,12877
C536213,84406B,CREAM CUPID HEARTS COAT HANGER,-2.0,2023-11-21 01:07:21,2.75,12877
C536213,22086,PAPER CHAIN KIT 50'S CHRISTMAS,-2.0,2023-11-21 01:07:21,2.55,12877
C536213,21931,JUMBO STORAGE BAG SUKI,-3.0,2023-11-21 01:07:21,1.95,12877
C536213,22632,HAND WARMER RED POLKA DOT,-1.0,2023-11-21 01:07:21,1.85,12877
C536213,47566,PARTY BUNTING,-2.0,2023-11-21 01:07:21,4.65,12877
C536221,20728,LUNCH BAG CARS BLUE,-4.0,2023-12-06 22:50:29,1.65,13051
C536221,20727,LUNCH BAG BLACK SKULL.,-1.0,2023-12-06 22:50:29,1.65,13051
C536221,22086,PAPER CHAIN KIT 50'S CHRISTMAS,-3.0,2023-12-06 22:50:29,2.55,13051
C536221,22749,POPPY'S PLAYHOUSE LIVINGROOM,-2.0,2023-12-06 22:50:29,2.1,13051
C536221,85099F,JUMBO BAG STRAWBERRY,-3.0,2023-12-06 22:50:29,1.95,13051
C536221,22386,JUMBO BAG PINK POLKADOT,-3.0,2023-12-06 22:50:29,1.95,13051
C536264,84406B,CREAM CUPID HEARTS COAT HANGER,-4.0,2023-11-24 02:22:35,2.75,12603
C536300,21730,GLASS STAR FROSTED T-LIGHT HOLDER,-1.0,2023-04-01 16:07:36,4.25,12567
C536300,20726,LUNCH BAG WOODLAND,-2.0,2023-04-01 16:07:36,1.65,12567
C536300,85099B,JUMBO BAG RED RETROSPOT,-5.0,2023-04-01 16:07:36,1.95,12567
C536329,22086,PAPER CHAIN KIT 50'S CHRISTMAS,-5.0,2023-10-13 10:22:10,2.55,12877
C536329,22386,JUMBO BAG PINK POLKADOT,-5.0,2023-10-13 10:22:10,1.95,12877
C536329,22745,POPPY'S PLAYHOUSE BEDROOM,-4.0,2023-10-13 10:22:10,2.1,12877
C536329,22411,JUMBO SHOPPER VINTAGE RED PAISLEY,-2.0,2023-10-13 10:22:10,1.95,12877
C536329,22633,HAND WARMER UNION JACK,-3.0,2023-10-13 10:22:10,1.85,12877
C536329,22310,IVORY KNITTED MUG COSY,-3.0,2023-10-13 10:22:10,1.65,12877
C536361,84029E,RED WOOLLY HOTTIE WHITE HEART.,-5.0,2023-06-22 17:58:50,3.39,12817
C536438,22411,JUMBO SHOPPER VINTAGE RED PAISLEY,-3.0,2023-04-05 03:27:13,1.95,12415
C536457,22310,IVORY KNITTED MUG COSY,-1.0,2023-07-23 02:30:38,1.65,12574
C536457,22749,POPPY'S PLAYHOUSE LIVINGROOM,-4.0,2023-07-23 02:30:38,2.1,12574
C536457,84879,ASSORTED COLOUR BIRD ORNAMENT,-3.0,2023-07-23 02:30:38,1.69,12574
C536457,47566,PARTY BUNTING,-5.0,2023-07-23 02:30:38,4.65,12574
C536457,22383,LUNCH BAG SUKI DESIGN,-2.0,2023-07-23 02:30:38,1.65,12574
C536457,22632,HAND WARMER RED POLKA DOT,-3.0,2023-07-23 02:30:38,1.85,12574
C536525,71053,WHITE METAL LANTERN,-4.0,2023-11-17 17:05:09,3.39,12581
C536569,84029E,RED WOOLLY HOTTIE WHITE HEART.,-4.0,2023-05-07 16:42:58,3.39,12864
C536569,71053,WHITE METAL LANTERN,-5.0,2023-05-07 16:42:58,3.39,12864
C536569,20725,LUNCH BAG RED RETROSPOT,-2.0,2023-05-07 16:42:58,1.65,12864
C536573,22745,POPPY'S PLAYHOUSE BEDROOM,-4.0,2023-05-22 20:18:07,2.1,12845
C536573,85099B,JUMBO BAG RED RETROSPOT,-4.0,2023-05-22 20:18:07,1.95,12845
C536583,22383,LUNCH BAG SUKI DESIGN,-5.0,2023-05-08 14:05:24,1.65,12877
C536583,85099F,JUMBO BAG STRAWBERRY,-2.0,2023-05-08 14:05:24,1.95,12877
C536583,84406B,CREAM CUPID HEARTS COAT HANGER,-3.0,2023-05-08 14:05:24,2.75,12877
C536583,22633,HAND WARMER UNION JACK,-2.0,2023-05-08 14:05:24,1.85,12877
C536583,22749,POPPY'S PLAYHOUSE LIVINGROOM,-4.0,2023-05-08 14:05:24,2.1,12877
C536583,22310,IVORY KNITTED MUG COSY,-1.0,2023-05-08 14:05:24,1.65,12877
C536603,85099F,JUMBO BAG STRAWBERRY,-3.0,2023-10-17 05:03:21,1.95,12877
C536603,20725,LUNCH BAG RED RETROSPOT,-3.0,2023-10-17 05:03:21,1.65,12877
536607,22630,DOORMAT KEEP CALM AND COME IN,1.0,2023-08-13 03:09:10,0.0,12347
C536629,22745,POPPY'S PLAYHOUSE BEDROOM,-1.0,2023-02-27 10:26:20,2.1,12450
C536629,22086,PAPER CHAIN KIT 50'S CHRISTMAS,-2.0,2023-02-27 10:26:20,2.55,12450
C536629,22384,LUNCH BAG PINK POLKADOT,-2.0,2023-02-27 10:26:20,1.65,12450
C536629,20726,LUNCH BAG WOODLAND,-3.0,2023-02-27 10:26:20,1.65,12450
C536629,22749,POPPY'S PLAYHOUSE LIVINGROOM,-5.0,2023-02-27 10:26:20,2.1,12450
C536629,21931,JUMBO STORAGE BAG SUKI,-4.0,2023-02-27 10:26:20,1.95,12450
C536644,84406B,CREAM CUPID HEARTS COAT HANGER,-3.0,2023-05-16 16:00:13,2.75,12877
C536644,84879,ASSORTED COLOUR BIRD ORNAMENT,-2.0,2023-05-16 16:00:13,1.69,12877
C536644,22630,DOORMAT KEEP CALM AND COME IN,-3.0,2023-05-16 16:00:13,6.75,12877
C536644,22086,PAPER CHAIN KIT 50'S CHRISTMAS,-2.0,2023-05-16 16:00:13,2.55,12877
C536644,21730,GLASS STAR FROSTED T-LIGHT HOLDER,-4.0,2023-05-16 16:00:13,4.25,12877
C536657,22086,PAPER CHAIN KIT 50'S CHRISTMAS,-2.0,2023-07-12 12:09:19,2.55,12587
C536657,22633,HAND WARMER UNION JACK,-2.0,2023-07-12 12:09:19,1.85,12587
C536672,22384,LUNCH BAG PINK POLKADOT,-5.0,2023-11-25 09:23:53,1.65,12595
C536672,21931,JUMBO STORAGE BAG SUKI,-4.0,2023-11-25 09:23:53,1.95,12595
C536672,22749,POPPY'S PLAYHOUSE LIVINGROOM,-3.0,2023-11-25 09:23:53,2.1,12595
C536672,20725,LUNCH BAG RED RETROSPOT,-5.0,2023-11-25 09:23:53,1.65,12595
C536679,22633,HAND WARMER UNION JACK,-2.0,2023-10-10 10:51:31,1.85,12607
C536679,22745,POPPY'S PLAYHOUSE BEDROOM,-5.0,2023-10-10 10:51:31,2.1,12607
C536679,84406B,CREAM CUPID HEARTS COAT HANGER,-4.0,2023-10-10 10:51:31,2.75,12607
C536679,22632,HAND WARMER RED POLKA DOT,-4.0,2023-10-10 10:51:31,1.85,12607
C536679,22310,IVORY KNITTED MUG COSY,-4.0,2023-10-10 10:51:31,1.65,12607
C536679,22382,LUNCH BAG SPACEBOY DESIGN,-2.0,2023-10-10 10:51:31,1.65,12607
C536685,84406B,CREAM CUPID HEARTS COAT HANGER,-2.0,2023-02-15 04:49:17,2.75,13021
C536685,22411,JUMBO SHOPPER VINTAGE RED PAISLEY,-3.0,2023-02-15 04:49:17,1.95,13021
C536685,20727,LUNCH BAG BLACK SKULL.,-2.0,2023-02-15 04:49:17,1.65,13021
C536685,47566,PARTY BUNTING,-1.0,2023-02-15 04:49:17,4.65,13021
C536689,84969,BOX OF 6 ASSORTED COLOUR TEASPOONS,-3.0,2023-10-17 19:53:24,4.25,12464
C536689,22632,HAND WARMER RED POLKA DOT,-4.0,2023-10-17 19:53:24,1.85,12464
C536697,22382,LUNCH BAG SPACEBOY DESIGN,-1.0,2023-09-23 14:04:14,1.65,12730
C536697,84029G,KNITTED UNION FLAG HOT WATER BOTTLE,-2.0,2023-09-23 14:04:14,3.39,12730
C536697,84406B,CREAM CUPID HEARTS COAT HANGER,-1.0,2023-09-23 14:04:14,2.75,12730
C536697,85099F,JUMBO BAG STRAWBERRY,-3.0,2023-09-23 14:04:14,1.95,12730
C536697,21931,JUMBO STORAGE BAG SUKI,-3.0,2023-09-23 14:04:14,1.95,12730
C536719,22632,HAND WARMER RED POLKA DOT,-4.0,2023-11-26 08:28:32,1.85,12660
C536719,22411,JUMBO SHOPPER VINTAGE RED PAISLEY,-4.0,2023-11-26 08:28:32,1.95,12660
C536754,84406B,CREAM CUPID HEARTS COAT HANGER,-1.0,2023-08-06 08:51:15,2.75,12358
C536754,84969,BOX OF 6 ASSORTED COLOUR TEASPOONS,-3.0,2023-08-06 08:51:15,4.25,12358
C536754,22383,LUNCH BAG SUKI DESIGN,-3.0,2023-08-06 08:51:15,1.65,12358
C536757,84879,ASSORTED COLOUR BIRD ORNAMENT,-4.0,2023-09-21 23:06:55,1.69,12537
536758,84029E,RED WOOLLY HOTTIE WHITE HEART.,24.0,2023-10-25 12:40:14,0.0,13083
C536760,85099B,JUMBO BAG RED RETROSPOT,-1.0,2023-05-16 10:54:14,1.95,12877
C536760,47566,PARTY BUNTING,-1.0,2023-05-16 10:54:14,4.65,12877
C536760,22382,LUNCH BAG SPACEBOY DESIGN,-4.0,2023-05-16 10:54:14,1.65,12877
C536760,20725,LUNCH BAG RED RETROSPOT,-4.0,2023-05-16 10:54:14,1.65,12877
C536760,20727,LUNCH BAG BLACK SKULL.,-5.0,2023-05-16 10:54:14,1.65,12877
C536760,22749,POPPY'S PLAYHOUSE LIVINGROOM,-4.0,2023-05-16 10:54:14,2.1,12877
C536763,22632,HAND WARMER RED POLKA DOT,-2.0,2023-10-02 23:28:18,1.85,12859
C536763,22630,DOORMAT KEEP CALM AND COME IN,-3.0,2023-10-02 23:28:18,6.75,12859
C536780,22633,HAND WARMER UNION JACK,-2.0,2023-05-21 04:02:46,1.85,12710
C536792,20725,LUNCH BAG RED RETROSPOT,-2.0,2023-07-07 17:04:01,1.65,12787
C536839,22745,POPPY'S PLAYHOUSE BEDROOM,-2.0,2023-11-15 11:15:52,2.1,12898
C536839,22749,POPPY'S PLAYHOUSE LIVINGROOM,-3.0,2023-11-15 11:15:52,2.1,12898
C536839,84406B,CREAM CUPID HEARTS COAT HANGER,-1.0,2023-11-15 11:15:52,2.75,12898
C536839,20725,LUNCH BAG RED RETROSPOT,-4.0,2023-11-15 11:15:52,1.65,12898
C536839,84029E,RED WOOLLY HOTTIE WHITE HEART.,-2.0,2023-11-15 11:15:52,3.39,12898
C536839,84879,ASSORTED COLOUR BIRD ORNAMENT,-3.0,2023-11-15 11:15:52,1.69,12898
536843,22383,LUNCH BAG SUKI DESIGN,3.0,2023-12-01 05:23:57,0.0,12877
C536864,22752,SET 7 BABUSHKA NESTING BOXES,-1.0,2023-02-24 01:38:57,7.65,13127
C536889,22384,LUNCH BAG PINK POLKADOT,-3.0,2023-10-12 15:09:36,1.65,12670
C536889,84029E,RED WOOLLY HOTTIE WHITE HEART.,-4.0,2023-10-12 15:09:36,3.39,12670
C536900,22382,LUNCH BAG SPACEBOY DESIGN,-5.0,2023-05-17 22:30:01,1.65,12821
C536900,22310,IVORY KNITTED MUG COSY,-3.0,2023-05-17 22:30:01,1.65,12821
C536907,85099F,JUMBO BAG STRAWBERRY,-3.0,2023-11-01 23:03:28,1.95,12403
C536907,20725,LUNCH BAG RED RETROSPOT,-1.0,2023-11-01 23:03:28,1.65,12403
C536907,22630,DOORMAT KEEP CALM AND COME IN,-1.0,2023-11-01 23:03:28,6.75,12403
C536908,22745,POPPY'S PLAYHOUSE BEDROOM,-2.0,2023-07-15 17:48:05,2.1,12845
C536909,22748,POPPY'S PLAYHOUSE KITCHEN,-1.0,2023-05-15 02:58:51,2.1,13097
C536909,84029E,RED WOOLLY HOTTIE WHITE HEART.,-1.0,2023-05-15 02:58:51,3.39,13097
C536909,22632,HAND WARMER RED POLKA DOT,-1.0,2023-05-15 02:58:51,1.85,13097
C536909,22383,LUNCH BAG SUKI DESIGN,-5.0,2023-05-15 02:58:51,1.65,13097
C536909,85099F,JUMBO BAG STRAWBERRY,-5.0,2023-05-15 02:58:51,1.95,13097
C536909,71053,WHITE METAL LANTERN,-3.0,2023-05-15 02:58:51,3.39,13097
C536943,21730,GLASS STAR FROSTED T-LIGHT HOLDER,-2.0,2023-08-26 02:39:12,4.25,12927
C536943,84969,BOX OF 6 ASSORTED COLOUR TEASPOONS,-5.0,2023-08-26 02:39:12,4.25,12927
C536943,20726,LUNCH BAG WOODLAND,-3.0,2023-08-26 02:39:12,1.65,12927
C536943,22310,IVORY KNITTED MUG COSY,-2.0,2023-08-26 02:39:12,1.65,12927
C536943,85123A,WHITE HANGING HEART T-LIGHT HOLDER,-4.0,2023-08-26 02:39:12,2.55,12927
C536943,20725,LUNCH BAG RED RETROSPOT,-4.0,2023-08-26 02:39:12,1.65,12927
C537020,22386,JUMBO BAG PINK POLKADOT,-3.0,2023-10-07 12:20:03,1.95,12877
C537020,20726,LUNCH BAG WOODLAND,-4.0,2023-10-07 12:20:03,1.65,12877
C537020,84969,BOX OF 6 ASSORTED COLOUR TEASPOONS,-1.0,2023-10-07 12:20:03,4.25,12877
C537020,85099F,JUMBO BAG STRAWBERRY,-5.0,2023-10-07 12:20:03,1.95,12877
C537020,22384,LUNCH BAG PINK POLKADOT,-2.0,2023-10-07 12:20:03,1.65,12877
C537026,22632,HAND WARMER RED POLKA DOT,-1.0,2023-09-01 12:10:41,1.85,12877
C537026,84406B,CREAM CUPID HEARTS COAT HANGER,-4.0,2023-09-01 12:10:41,2.75,12877
C537026,22633,HAND WARMER UNION JACK,-3.0,2023-09-01 12:10:41,1.85,12877
C537026,71053,WHITE METAL LANTERN,-5.0,2023-09-01 12:10:41,3.39,12877
C537026,22384,LUNCH BAG PINK POLKADOT,-2.0,2023-09-01 12:10:41,1.65,12877
C537026,21931,JUMBO STORAGE BAG SUKI,-2.0,2023-09-01 12:10:41,1.95,12877
C537093,22632,HAND WARMER RED POLKA DOT,-2.0,2023-08-22 11:02:15,1.85,12415
C537093,22310,IVORY KNITTED MUG COSY,-1.0,2023-08-22 11:02:15,1.65,12415
C537096,21931,JUMBO STORAGE BAG SUKI,-4.0,2023-02-20 00:53:52,1.95,12821
C537096,85099B,JUMBO BAG RED RETROSPOT,-1.0,2023-02-20 00:53:52,1.95,12821
C537096,22383,LUNCH BAG SUKI DESIGN,-4.0,2023-02-20 00:53:52,1.65,12821
C537129,84406B,CREAM CUPID HEARTS COAT HANGER,-2.0,2023-09-10 12:25:41,2.75,12638
C537131,22745,POPPY'S PLAYHOUSE BEDROOM,-1.0,2023-06-18 22:02:49,2.1,12470
C537131,22633,HAND WARMER UNION JACK,-4.0,2023-06-18 22:02:49,1.85,12470
C537131,22384,LUNCH BAG PINK POLKADOT,-2.0,2023-06-18 22:02:49,1.65,12470
C537131,20725,LUNCH BAG RED RETROSPOT,-1.0,2023-06-18 22:02:49,1.65,12470
C537153,84879,ASSORTED COLOUR BIRD ORNAMENT,-2.0,2023-09-21 01:48:13,1.69,12347
C537153,21730,GLASS STAR FROSTED T-LIGHT HOLDER,-1.0,2023-09-21 01:48:13,4.25,12347
C537153,20727,LUNCH BAG BLACK SKULL.,-2.0,2023-09-21 01:48:13,1.65,12347
C537171,22630,DOORMAT KEEP CALM AND COME IN,-5.0,2023-03-30 23:28:55,6.75,12602
C537171,22749,POPPY'S PLAYHOUSE LIVINGROOM,-2.0,2023-03-30 23:28:55,2.1,12602
C537171,22310,IVORY KNITTED MUG COSY,-3.0,2023-03-30 23:28:55,1.65,12602
C537171,85099B,JUMBO BAG RED RETROSPOT,-4.0,2023-03-30 23:28:55,1.95,12602
C537171,47566,PARTY BUNTING,-3.0,2023-03-30 23:28:55,4.65,12602
C537171,84406B,CREAM CUPID HEARTS COAT HANGER,-3.0,2023-03-30 23:28:55,2.75,12602
537175,22630,DOORMAT KEEP CALM AND COME IN,2.0,2023-11-24 23:04:49,0.0,13057
C537177,84406B,CREAM CUPID HEARTS COAT HANGER,-1.0,2023-05-24 09:00:07,2.75,12461
C537178,20726,LUNCH BAG WOODLAND,-2.0,2023-12-08 23:48:49,1.65,12654
C537178,20728,LUNCH BAG CARS BLUE,-3.0,2023-12-08 23:48:49,1.65,12654
C537178,21931,JUMBO STORAGE BAG SUKI,-4.0,2023-12-08 23:48:49,1.95,12654
C537184,22749,POPPY'S PLAYHOUSE LIVINGROOM,-5.0,2023-11-22 00:09:41,2.1,12864
C537184,22086,PAPER CHAIN KIT 50'S CHRISTMAS,-1.0,2023-11-22 00:09:41,2.55,12864
C537184,22384,LUNCH BAG PINK POLKADOT,-3.0,2023-11-22 00:09:41,1.65,12864
C537197,22745,POPPY'S PLAYHOUSE BEDROOM,-5.0,2023-08-12 01:33:33,2.1,12877
C537197,22630,DOORMAT KEEP CALM AND COME IN,-2.0,2023-08-12 01:33:33,6.75,12877
C537197,84029G,KNITTED UNION FLAG HOT WATER BOTTLE,-4.0,2023-08-12 01:33:33,3.39,12877
C537203,84406B,CREAM CUPID HEARTS COAT HANGER,-2.0,2023-11-02 03:42:12,2.75,12672
C537203,22310,IVORY KNITTED MUG COSY,-4.0,2023-11-02 03:42:12,1.65,12672
C537203,22382,LUNCH BAG SPACEBOY DESIGN,-2.0,2023-11-02 03:42:12,1.65,12672
C537203,22633,HAND WARMER UNION JACK,-5.0,2023-11-02 03:42:12,1.85,12672
C537203,20726,LUNCH BAG WOODLAND,-3.0,2023-11-02 03:42:12,1.65,12672
537218,22749,POPPY'S PLAYHOUSE LIVINGROOM,4.0,2023-10-06 02:41:49,0.0,12878
C537230,84406B,CREAM CUPID HEARTS COAT HANGER,-3.0,2023-05-21 05:21:11,2.75,12878
C537230,20727,LUNCH BAG BLACK SKULL.,-3.0,2023-05-21 05:21:11,1.65,12878
C537230,47566,PARTY BUNTING,-2.0,2023-05-21 05:21:11,4.65,12878
537241,22633,HAND WARMER UNION JACK,2.0,2023-12-06 03:08:08,0.0,12927
C537255,84969,BOX OF 6 ASSORTED COLOUR TEASPOONS,-1.0,2023-04-03 15:34:38,4.25,12978
C537255,85099F,JUMBO BAG STRAWBERRY,-1.0,2023-04-03 15:34:38,1.95,12978
C537271,71053,WHITE METAL LANTERN,-4.0,2023-06-23 09:33:59,3.39,12877
C537271,20728,LUNCH BAG CARS BLUE,-4.0,2023-06-23 09:33:59,1.65,12877
C537271,22383,LUNCH BAG SUKI DESIGN,-2.0,2023-06-23 09:33:59,1.65,12877
C537271,22310,IVORY KNITTED MUG COSY,-2.0,2023-06-23 09:33:59,1.65,12877
C537271,22630,DOORMAT KEEP CALM AND COME IN,-5.0,2023-06-23 09:33:59,6.75,12877
C537271,85099F,JUMBO BAG STRAWBERRY,-3.0,2023-06-23 09:33:59,1.95,12877
C537295,22386,JUMBO BAG PINK POLKADOT,-1.0,2023-07-20 12:19:07,1.95,12618
C537295,22411,JUMBO SHOPPER VINTAGE RED PAISLEY,-4.0,2023-07-20 12:19:07,1.95,12618
C537295,85123A,WHITE HANGING HEART T-LIGHT HOLDER,-1.0,2023-07-20 12:19:07,2.55,12618
C537295,22382,LUNCH BAG SPACEBOY DESIGN,-1.0,2023-07-20 12:19:07,1.65,12618
C537309,71053,WHITE METAL LANTERN,-4.0,2023-09-22 00:54:12,3.39,12877
C537309,20726,LUNCH BAG WOODLAND,-1.0,2023-09-22 00:54:12,1.65,12877
C537309,22411,JUMBO SHOPPER VINTAGE RED PAISLEY,-5.0,2023-09-22 00:54:12,1.95,12877
C537318,84969,BOX OF 6 ASSORTED COLOUR TEASPOONS,-4.0,2023-07-08 23:57:44,4.25,12593
C537318,22086,PAPER CHAIN KIT 50'S CHRISTMAS,-2.0,2023-07-08 23:57:44,2.55,12593
C537318,22384,LUNCH BAG PINK POLKADOT,-1.0,2023-07-08 23:57:44,1.65,12593
C537356,21730,GLASS STAR FROSTED T-LIGHT HOLDER,-2.0,2023-11-07 22:58:53,4.25,12831
C537356,20726,LUNCH BAG WOODLAND,-1.0,2023-11-07 22:58:53,1.65,12831
C537356,84969,BOX OF 6 ASSORTED COLOUR TEASPOONS,-5.0,2023-11-07 22:58:53,4.25,12831
C537356,22745,POPPY'S PLAYHOUSE BEDROOM,-2.0,2023-11-07 22:58:53,2.1,12831
C537356,20725,LUNCH BAG RED RETROSPOT,-2.0,2023-11-07 22:58:53,1.65,12831
C537356,22752,SET 7 BABUSHKA NESTING BOXES,-1.0,2023-11-07 22:58:53,7.65,12831
C537359,84029E,RED WOOLLY HOTTIE WHITE HEART.,-2.0,2023-11-06 20:46:23,3.39,12920
C537405,85099B,JUMBO BAG RED RETROSPOT,-1.0,2023-10-19 06:06:21,1.95,13089
C537405,20728,LUNCH BAG CARS BLUE,-3.0,2023-10-19 06:06:21,1.65,13089
C537405,22086,PAPER CHAIN KIT 50'S CHRISTMAS,-2.0,2023-10-19 06:06:21,2.55,13089
C537405,20727,LUNCH BAG BLACK SKULL.,-2.0,2023-10-19 06:06:21,1.65,13089
C537463,22633,HAND WARMER UNION JACK,-4.0,2023-06-08 22:34:03,1.85,12796
C537463,22386,JUMBO BAG PINK POLKADOT,-2.0,2023-06-08 22:34:03,1.95,12796
C537463,21931,JUMBO STORAGE BAG SUKI,-4.0,2023-06-08 22:34:03,1.95,12796
C537520,22749,POPPY'S PLAYHOUSE LIVINGROOM,-2.0,2023-10-29 03:21:26,2.1,12817
C537520,71053,WHITE METAL LANTERN,-5.0,2023-10-29 03:21:26,3.39,12817
C537532,84406B,CREAM CUPID HEARTS COAT HANGER,-3.0,2023-09-05 08:02:13,2.75,12824
C537586,22382,LUNCH BAG SPACEBOY DESIGN,-2.0,2023-03-13 23:23:42,1.65,12877
C537586,84969,BOX OF 6 ASSORTED COLOUR TEASPOONS,-4.0,2023-03-13 23:23:42,4.25,12877
C537586,22630,DOORMAT KEEP CALM AND COME IN,-4.0,2023-03-13 23:23:42,6.75,12877
C537586,22632,HAND WARMER RED POLKA DOT,-1.0,2023-03-13 23:23:42,1.85,12877
C537629,22383,LUNCH BAG SUKI DESIGN,-5.0,2023-08-06 02:33:56,1.65,12736
C537629,85099B,JUMBO BAG RED RETROSPOT,-5.0,2023-08-06 02:33:56,1.95,12736
C537629,20727,LUNCH BAG BLACK SKULL.,-4.0,2023-08-06 02:33:56,1.65,12736
C537693,85099F,JUMBO BAG STRAWBERRY,-4.0,2023-03-22 13:12:52,1.95,12877
C537693,22748,POPPY'S PLAYHOUSE KITCHEN,-4.0,2023-03-22 13:12:52,2.1,12877
C537693,22310,IVORY KNITTED MUG COSY,-5.0,2023-03-22 13:12:52,1.65,12877
C537741,20725,LUNCH BAG RED RETROSPOT,-5.0,2023-06-29 03:18:05,1.65,12712
C537741,71053,WHITE METAL LANTERN,-2.0,2023-06-29 03:18:05,3.39,12712
C537741,21931,JUMBO STORAGE BAG SUKI,-1.0,2023-06-29 03:18:05,1.95,12712
C537741,47566,PARTY BUNTING,-3.0,2023-06-29 03:18:05,4.65,12712
C537741,22382,LUNCH BAG SPACEBOY DESIGN,-2.0,2023-06-29 03:18:05,1.65,12712
C537759,84969,BOX OF 6 ASSORTED COLOUR TEASPOONS,-1.0,2023-10-02 00:19:35,4.25,12877
C537759,22630,DOORMAT KEEP CALM AND COME IN,-1.0,2023-10-02 00:19:35,6.75,12877
C537759,84029G,KNITTED UNION FLAG HOT WATER BOTTLE,-3.0,2023-10-02 00:19:35,3.39,12877
C537759,20728,LUNCH BAG CARS BLUE,-1.0,2023-10-02 00:19:35,1.65,12877
C537759,22086,PAPER CHAIN KIT 50'S CHRISTMAS,-5.0,2023-10-02 00:19:35,2.55,12877
C537759,20725,LUNCH BAG RED RETROSPOT,-5.0,2023-10-02 00:19:35,1.65,12877
C537782,84879,ASSORTED COLOUR BIRD ORNAMENT,-2.0,2023-10-16 15:49:27,1.69,12543
C537795,22310,IVORY KNITTED MUG COSY,-2.0,2023-04-13 04:15:53,1.65,12757
C537795,21730,GLASS STAR FROSTED T-LIGHT HOLDER,-3.0,2023-04-13 04:15:53,4.25,12757
C537795,22633,HAND WARMER UNION JACK,-3.0,2023-04-13 04:15:53,1.85,12757
C537795,71053,WHITE METAL LANTERN,-2.0,2023-04-13 04:15:53,3.39,12757
C537795,22749,POPPY'S PLAYHOUSE LIVINGROOM,-1.0,2023-04-13 04:15:53,2.1,12757
C537795,84879,ASSORTED COLOUR BIRD ORNAMENT,-5.0,2023-04-13 04:15:53,1.69,12757
C537799,22383,LUNCH BAG SUKI DESIGN,-4.0,2023-11-06 10:20:58,1.65,12821
C537799,84969,BOX OF 6 ASSORTED COLOUR TEASPOONS,-4.0,2023-11-06 10:20:58,4.25,12821
C537799,20726,LUNCH BAG WOODLAND,-5.0,2023-11-06 10:20:58,1.65,12821
C537799,22411,JUMBO SHOPPER VINTAGE RED PAISLEY,-3.0,2023-11-06 10:20:58,1.95,12821
C537799,71053,WHITE METAL LANTERN,-5.0,2023-11-06 10:20:58,3.39,12821
C537804,22752,SET 7 BABUSHKA NESTING BOXES,-3.0,2023-06-11 18:14:39,7.65,12877
C537804,22633,HAND WARMER UNION JACK,-4.0,2023-06-11 18:14:39,1.85,12877
C537804,20727,LUNCH BAG BLACK SKULL.,-1.0,2023-06-11 18:14:39,1.65,12877
C537804,20725,LUNCH BAG RED RETROSPOT,-5.0,2023-06-11 18:14:39,1.65,12877
C537843,22748,POPPY'S PLAYHOUSE KITCHEN,-5.0,2023-10-11 07:24:52,2.1,12586
C537843,22633,HAND WARMER UNION JACK,-3.0,2023-10-11 07:24:52,1.85,12586
C537843,47566,PARTY BUNTING,-4.0,2023-10-11 07:24:52,4.65,12586
C537843,85099F,JUMBO BAG STRAWBERRY,-4.0,2023-10-11 07:24:52,1.95,12586
C537850,85123A,WHITE HANGING HEART T-LIGHT HOLDER,-4.0,2023-06-19 10:13:21,2.55,13089
C537850,22749,POPPY'S PLAYHOUSE LIVINGROOM,-5.0,2023-06-19 10:13:21,2.1,13089
C537850,22086,PAPER CHAIN KIT 50'S CHRISTMAS,-4.0,2023-06-19 10:13:21,2.55,13089
C537850,22630,DOORMAT KEEP CALM AND COME IN,-5.0,2023-06-19 10:13:21,6.75,13089
C537850,20725,LUNCH BAG RED RETROSPOT,-4.0,2023-06-19 10:13:21,1.65,13089
C537882,85099B,JUMBO BAG RED RETROSPOT,-3.0,2023-08-19 07:17:00,1.95,12572
C537927,22752,SET 7 BABUSHKA NESTING BOXES,-4.0,2023-10-14 08:33:57,7.65,12852
C537927,20725,LUNCH BAG RED RETROSPOT,-4.0,2023-10-14 08:33:57,1.65,12852
C537928,22745,POPPY'S PLAYHOUSE BEDROOM,-3.0,2023-06-28 10:47:42,2.1,13051
C537928,84879,ASSORTED COLOUR BIRD ORNAMENT,-1.0,2023-06-28 10:47:42,1.69,13051
C537928,22749,POPPY'S PLAYHOUSE LIVINGROOM,-5.0,2023-06-28 10:47:42,2.1,13051
C537928,22752,SET 7 BABUSHKA NESTING BOXES,-5.0,2023-06-28 10:47:42,7.65,13051
C537928,22386,JUMBO BAG PINK POLKADOT,-5.0,2023-06-28 10:47:42,1.95,13051
C537953,22382,LUNCH BAG SPACEBOY DESIGN,-3.0,2023-09-27 23:31:40,1.65,12565
C537953,22630,DOORMAT KEEP CALM AND COME IN,-3.0,2023-09-27 23:31:40,6.75,12565
C537956,84969,BOX OF 6 ASSORTED COLOUR TEASPOONS,-2.0,2023-06-27 19:50:31,4.25,12866
C537956,47566,PARTY BUNTING,-3.0,2023-06-27 19:50:31,4.65,12866
C537982,21730,GLASS STAR FROSTED T-LIGHT HOLDER,-4.0,2023-03-26 06:54:21,4.25,12991
C537982,22310,IVORY KNITTED MUG COSY,-1.0,2023-03-26 06:54:21,1.65,12991
C537982,84029G,KNITTED UNION FLAG HOT WATER BOTTLE,-5.0,2023-03-26 06:54:21,3.39,12991
538026,22749,POPPY'S PLAYHOUSE LIVINGROOM,3.0,2023-04-09 12:04:33,0.0,12877
C538049,22384,LUNCH BAG PINK POLKADOT,-5.0,2023-05-26 17:35:55,1.65,12887
C538049,84029E,RED WOOLLY HOTTIE WHITE HEART.,-1.0,2023-05-26 17:35:55,3.39,12887
C538049,20728,LUNCH BAG CARS BLUE,-3.0,2023-05-26 17:35:55,1.65,12887
C538101,22745,POPPY'S PLAYHOUSE BEDROOM,-2.0,2023-09-02 18:00:40,2.1,12594
C538101,84969,BOX OF 6 ASSORTED COLOUR TEASPOONS,-3.0,2023-09-02 18:00:40,4.25,12594
C538101,21730,GLASS STAR FROSTED T-LIGHT HOLDER,-1.0,2023-09-02 18:00:40,4.25,12594
C538101,22386,JUMBO BAG PINK POLKADOT,-2.0,2023-09-02 18:00:40,1.95,12594
C538101,20725,LUNCH BAG RED RETROSPOT,-1.0,2023-09-02 18:00:40,1.65,12594
C538136,22086,PAPER CHAIN KIT 50'S CHRISTMAS,-2.0,2023-09-04 08:35:38,2.55,13051
C538136,84879,ASSORTED COLOUR BIRD ORNAMENT,-5.0,2023-09-04 08:35:38,1.69,13051
C538136,22748,POPPY'S PLAYHOUSE KITCHEN,-4.0,2023-09-04 08:35:38,2.1,13051
C538136,22411,JUMBO SHOPPER VINTAGE RED PAISLEY,-3.0,2023-09-04 08:35:38,1.95,13051
C538196,84969,BOX OF 6 ASSORTED COLOUR TEASPOONS,-3.0,2023-10-21 12:19:18,4.25,12877
C538196,22382,LUNCH BAG SPACEBOY DESIGN,-4.0,2023-10-21 12:19:18,1.65,12877
C538196,22749,POPPY'S PLAYHOUSE LIVINGROOM,-5.0,2023-10-21 12:19:18,2.1,12877
C538231,21730,GLASS STAR FROSTED T-LIGHT HOLDER,-1.0,2023-07-22 20:49:42,4.25,12415
C538231,22749,POPPY'S PLAYHOUSE LIVINGROOM,-3.0,2023-07-22 20:49:42,2.1,12415
C538231,20725,LUNCH BAG RED RETROSPOT,-4.0,2023-07-22 20:49:42,1.65,12415
C538232,84879,ASSORTED COLOUR BIRD ORNAMENT,-1.0,2023-03-07 22:25:15,1.69,12923
C538232,84969,BOX OF 6 ASSORTED COLOUR TEASPOONS,-2.0,2023-03-07 22:25:15,4.25,12923
C538232,22632,HAND WARMER RED POLKA DOT,-5.0,2023-03-07 22:25:15,1.85,12923
C538233,22383,LUNCH BAG SUKI DESIGN,-2.0,2023-03-22 10:29:40,1.65,13026
C538233,84029G,KNITTED UNION FLAG HOT WATER BOTTLE,-5.0,2023-03-22 10:29:40,3.39,13026
C538233,21730,GLASS STAR FROSTED T-LIGHT HOLDER,-3.0,2023-03-22 10:29:40,4.25,13026
C538236,84029E,RED WOOLLY HOTTIE WHITE HEART.,-4.0,2023-10-08 15:48:11,3.39,12898
C538236,22386,JUMBO BAG PINK POLKADOT,-2.0,2023-10-08 15:48:11,1.95,12898
C538319,84029E,RED WOOLLY HOTTIE WHITE HEART.,-1.0,2023-06-22 10:45:03,3.39,12572
C538319,21730,GLASS STAR FROSTED T-LIGHT HOLDER,-4.0,2023-06-22 10:45:03,4.25,12572
C538319,84029G,KNITTED UNION FLAG HOT WATER BOTTLE,-2.0,2023-06-22 10:45:03,3.39,12572
C538319,22086,PAPER CHAIN KIT 50'S CHRISTMAS,-5.0,2023-06-22 10:45:03,2.55,12572
C538401,22752,SET 7 BABUSHKA NESTING BOXES,-2.0,2023-05-30 15:45:27,7.65,12878
C538401,21931,JUMBO STORAGE BAG SUKI,-1.0,2023-05-30 15:45:27,1.95,12878
C538401,84029E,RED WOOLLY HOTTIE WHITE HEART.,-2.0,2023-05-30 15:45:27,3.39,12878
C538417,22310,IVORY KNITTED MUG COSY,-1.0,2023-05-25 00:51:59,1.65,12877
C538443,22633,HAND WARMER UNION JACK,-1.0,2023-07-12 15:26:39,1.85,12810
C538443,22383,LUNCH BAG SUKI DESIGN,-2.0,2023-07-12 15:26:39,1.65,12810
C538443,20726,LUNCH BAG WOODLAND,-5.0,2023-07-12 15:26:39,1.65,12810
C538443,84969,BOX OF 6 ASSORTED COLOUR TEASPOONS,-1.0,2023-07-12 15:26:39,4.25,12810
C538443,22748,POPPY'S PLAYHOUSE KITCHEN,-3.0,2023-07-12 15:26:39,2.1,12810
C538443,22630,DOORMAT KEEP CALM AND COME IN,-1.0,2023-07-12 15:26:39,6.75,12810
C538492,22630,DOORMAT KEEP CALM AND COME IN,-5.0,2023-09-20 01:02:51,6.75,12447
C538492,22411,JUMBO SHOPPER VINTAGE RED PAISLEY,-4.0,2023-09-20 01:02:51,1.95,12447
C538492,84879,ASSORTED COLOUR BIRD ORNAMENT,-2.0,2023-09-20 01:02:51,1.69,12447
C538516,85099B,JUMBO BAG RED RETROSPOT,-4.0,2023-11-08 18:10:29,1.95,12845
C538516,21931,JUMBO STORAGE BAG SUKI,-4.0,2023-11-08 18:10:29,1.95,12845
C538519,84879,ASSORTED COLOUR BIRD ORNAMENT,-1.0,2023-05-03 09:26:32,1.69,12834
C538519,22633,HAND WARMER UNION JACK,-2.0,2023-05-03 09:26:32,1.85,12834
C538525,20728,LUNCH BAG CARS BLUE,-4.0,2023-07-02 16:05:46,1.65,12380
C538525,85099F,JUMBO BAG STRAWBERRY,-1.0,2023-07-02 16:05:46,1.95,12380
C538525,21931,JUMBO STORAGE BAG SUKI,-5.0,2023-07-02 16:05:46,1.95,12380
C538562,22386,JUMBO BAG PINK POLKADOT,-3.0,2023-10-18 02:32:17,1.95,12682
C538562,22749,POPPY'S PLAYHOUSE LIVINGROOM,-5.0,2023-10-18 02:32:17,2.1,12682
C538562,85123A,WHITE HANGING HEART T-LIGHT HOLDER,-2.0,2023-10-18 02:32:17,2.55,12682
C538563,22086,PAPER CHAIN KIT 50'S CHRISTMAS,-2.0,2023-10-31 17:48:08,2.55,12704
C538563,47566,PARTY BUNTING,-2.0,2023-10-31 17:48:08,4.65,12704
C538563,84969,BOX OF 6 ASSORTED COLOUR TEASPOONS,-3.0,2023-10-31 17:48:08,4.25,12704
C538563,22632,HAND WARMER RED POLKA DOT,-2.0,2023-10-31 17:48:08,1.85,12704
C538607,22632,HAND WARMER RED POLKA DOT,-4.0,2023-12-05 19:15:28,1.85,13017
C538607,84406B,CREAM CUPID HEARTS COAT HANGER,-3.0,2023-12-05 19:15:28,2.75,13017
C538607,20727,LUNCH BAG BLACK SKULL.,-1.0,2023-12-05 19:15:28,1.65,13017
C538607,22630,DOORMAT KEEP CALM AND COME IN,-1.0,2023-12-05 19:15:28,6.75,13017
C538607,22749,POPPY'S PLAYHOUSE LIVINGROOM,-1.0,2023-12-05 19:15:28,2.1,13017
C538607,20726,LUNCH BAG WOODLAND,-3.0,2023-12-05 19:15:28,1.65,13017
538640,22382,LUNCH BAG SPACEBOY DESIGN,2.0,2023-09-30 06:27:16,0.0,12415
C538651,85099F,JUMBO BAG STRAWBERRY,-1.0,2023-02-25 23:34:09,1.95,12831
C538651,22086,PAPER CHAIN KIT 50'S CHRISTMAS,-5.0,2023-02-25 23:34:09,2.55,12831
C538651,21931,JUMBO STORAGE BAG SUKI,-1.0,2023-02-25 23:34:09,1.95,12831
C538651,22748,POPPY'S PLAYHOUSE KITCHEN,-1.0,2023-02-25 23:34:09,2.1,12831
C538651,22310,IVORY KNITTED MUG COSY,-5.0,2023-02-25 23:34:09,1.65,12831
C538651,71053,WHITE METAL LANTERN,-2.0,2023-02-25 23:34:09,3.39,12831
C538666,20725,LUNCH BAG RED RETROSPOT,-1.0,2023-05-03 10:27:55,1.65,12878
C538666,22633,HAND WARMER UNION JACK,-4.0,2023-05-03 10:27:55,1.85,12878
C538666,22748,POPPY'S PLAYHOUSE KITCHEN,-4.0,2023-05-03 10:27:55,2.1,12878
C538685,85123A,WHITE HANGING HEART T-LIGHT HOLDER,-5.0,2023-04-28 15:49:50,2.55,13021
C538685,22384,LUNCH BAG PINK POLKADOT,-5.0,2023-04-28 15:49:50,1.65,13021
C538685,85099B,JUMBO BAG RED RETROSPOT,-1.0,2023-04-28 15:49:50,1.95,13021
C538685,22748,POPPY'S PLAYHOUSE KITCHEN,-4.0,2023-04-28 15:49:50,2.1,13021
C538685,22383,LUNCH BAG SUKI DESIGN,-4.0,2023-04-28 15:49:50,1.65,13021
C538686,20726,LUNCH BAG WOODLAND,-1.0,2023-07-25 01:55:02,1.65,12347
C538686,20727,LUNCH BAG BLACK SKULL.,-3.0,2023-07-25 01:55:02,1.65,12347
C538686,21730,GLASS STAR FROSTED T-LIGHT HOLDER,-3.0,2023-07-25 01:55:02,4.25,12347
C538686,85123A,WHITE HANGING HEART T-LIGHT HOLDER,-3.0,2023-07-25 01:55:02,2.55,12347
C538686,20725,LUNCH BAG RED RETROSPOT,-1.0,2023-07-25 01:55:02,1.65,12347
C538686,22383,LUNCH BAG SUKI DESIGN,-5.0,2023-07-25 01:55:02,1.65,12347
C538709,20725,LUNCH BAG RED RETROSPOT,-3.0,2023-06-10 11:55:43,1.65,12505
C538709,22384,LUNCH BAG PINK POLKADOT,-1.0,2023-06-10 11:55:43,1.65,12505
C538743,22745,POPPY'S PLAYHOUSE BEDROOM,-5.0,2023-09-03 00:43:42,2.1,12877
C538743,21931,JUMBO STORAGE BAG SUKI,-4.0,2023-09-03 00:43:42,1.95,12877
C538743,22752,SET 7 BABUSHKA NESTING BOXES,-2.0,2023-09-03 00:43:42,7.65,12877
C538743,22086,PAPER CHAIN KIT 50'S CHRISTMAS,-5.0,2023-09-03 00:43:42,2.55,12877
C538743,85123A,WHITE HANGING HEART T-LIGHT HOLDER,-4.0,2023-09-03 00:43:42,2.55,12877
C538743,84879,ASSORTED COLOUR BIRD ORNAMENT,-5.0,2023-09-03 00:43:42,1.69,12877
C538766,22086,PAPER CHAIN KIT 50'S CHRISTMAS,-4.0,2023-11-14 03:55:57,2.55,12604
C538766,22745,POPPY'S PLAYHOUSE BEDROOM,-3.0,2023-11-14 03:55:57,2.1,12604
C538766,22310,IVORY KNITTED MUG COSY,-5.0,2023-11-14 03:55:57,1.65,12604
C538766,20727,LUNCH BAG BLACK SKULL.,-3.0,2023-11-14 03:55:57,1.65,12604
C538766,22748,POPPY'S PLAYHOUSE KITCHEN,-4.0,2023-11-14 03:55:57,2.1,12604
538780,84029G,KNITTED UNION FLAG HOT WATER BOTTLE,2.0,2023-08-05 21:19:49,0.0,12739
C538793,84029G,KNITTED UNION FLAG HOT WATER BOTTLE,-1.0,2023-05-10 01:10:16,3.39,12713
C538793,22752,SET 7 BABUSHKA NESTING BOXES,-3.0,2023-05-10 01:10:16,7.65,12713
C538793,20728,LUNCH BAG CARS BLUE,-1.0,2023-05-10 01:10:16,1.65,12713
C538793,21730,GLASS STAR FROSTED T-LIGHT HOLDER,-3.0,2023-05-10 01:10:16,4.25,12713
C538813,47566,PARTY BUNTING,-4.0,2023-08-27 02:12:22,4.65,12758
C538813,20725,LUNCH BAG RED RETROSPOT,-5.0,2023-08-27 02:12:22,1.65,12758
C538813,71053,WHITE METAL LANTERN,-3.0,2023-08-27 02:12:22,3.39,12758
C538813,20727,LUNCH BAG BLACK SKULL.,-1.0,2023-08-27 02:12:22,1.65,12758
C538903,84969,BOX OF 6 ASSORTED COLOUR TEASPOONS,-4.0,2023-10-02 13:34:11,4.25,12817
C538903,20725,LUNCH BAG RED RETROSPOT,-3.0,2023-10-02 13:34:11,1.65,12817
C538903,22752,SET 7 BABUSHKA NESTING BOXES,-4.0,2023-10-02 13:34:11,7.65,12817
C538953,85099F,JUMBO BAG STRAWBERRY,-4.0,2023-07-30 09:53:22,1.95,12877
C538953,20726,LUNCH BAG WOODLAND,-4.0,2023-07-30 09:53:22,1.65,12877
C538953,84029G,KNITTED UNION FLAG HOT WATER BOTTLE,-2.0,2023-07-30 09:53:22,3.39,12877
C538964,22310,IVORY KNITTED MUG COSY,-2.0,2023-11-28 01:55:31,1.65,12360
C538964,22384,LUNCH BAG PINK POLKADOT,-3.0,2023-11-28 01:55:31,1.65,12360
C538964,84029G,KNITTED UNION FLAG HOT WATER BOTTLE,-4.0,2023-11-28 01:55:31,3.39,12360
C538964,22748,POPPY'S PLAYHOUSE KITCHEN,-1.0,2023-11-28 01:55:31,2.1,12360
C538964,22086,PAPER CHAIN KIT 50'S CHRISTMAS,-1.0,2023-11-28 01:55:31,2.55,12360
C538965,84879,ASSORTED COLOUR BIRD ORNAMENT,-5.0,2023-12-04 16:45:29,1.69,12877
C538974,22411,JUMBO SHOPPER VINTAGE RED PAISLEY,-2.0,2023-10-14 22:27:24,1.95,12575
C538974,22749,POPPY'S PLAYHOUSE LIVINGROOM,-4.0,2023-10-14 22:27:24,2.1,12575
C538974,21931,JUMBO STORAGE BAG SUKI,-4.0,2023-10-14 22:27:24,1.95,12575
538979,84029G,KNITTED UNION FLAG HOT WATER BOTTLE,3.0,2023-11-20 20:49:39,0.0,12389
C538991,22383,LUNCH BAG SUKI DESIGN,-2.0,2023-11-25 08:19:01,1.65,12877
C539015,22632,HAND WARMER RED POLKA DOT,-1.0,2023-08-13 17:05:29,1.85,13097
C539042,20728,LUNCH BAG CARS BLUE,-3.0,2023-07-12 05:46:39,1.65,13097
C539042,22086,PAPER CHAIN KIT 50'S CHRISTMAS,-2.0,2023-07-12 05:46:39,2.55,13097
C539042,22632,HAND WARMER RED POLKA DOT,-1.0,2023-07-12 05:46:39,1.85,13097
C539042,85099F,JUMBO BAG STRAWBERRY,-4.0,2023-07-12 05:46:39,1.95,13097
C539042,22386,JUMBO BAG PINK POLKADOT,-1.0,2023-07-12 05:46:39,1.95,13097
C539044,71053,WHITE METAL LANTERN,-1.0,2023-08-01 14:45:52,3.39,12619
C539044,22752,SET 7 BABUSHKA NESTING BOXES,-1.0,2023-08-01 14:45:52,7.65,12619
C539082,84879,ASSORTED COLOUR BIRD ORNAMENT,-2.0,2023-02-20 02:56:11,1.69,12878
C539082,21931,JUMBO STORAGE BAG SUKI,-1.0,2023-02-20 02:56:11,1.95,12878
C539082,22086,PAPER CHAIN KIT 50'S CHRISTMAS,-2.0,2023-02-20 02:56:11,2.55,12878
C539082,85099F,JUMBO BAG STRAWBERRY,-4.0,2023-02-20 02:56:11,1.95,12878
C539082,22383,LUNCH BAG SUKI DESIGN,-2.0,2023-02-20 02:56:11,1.65,12878
C539132,47566,PARTY BUNTING,-2.0,2023-04-10 02:16:06,4.65,12877
C539132,84029E,RED WOOLLY HOTTIE WHITE HEART.,-5.0,2023-04-10 02:16:06,3.39,12877
C539132,85099B,JUMBO BAG RED RETROSPOT,-5.0,2023-04-10 02:16:06,1.95,12877
C539159,22384,LUNCH BAG PINK POLKADOT,-3.0,2023-10-13 04:09:32,1.65,12877
C539159,85099B,JUMBO BAG RED RETROSPOT,-3.0,2023-10-13 04:09:32,1.95,12877
C539188,22310,IVORY KNITTED MUG COSY,-3.0,2023-11-01 09:25:41,1.65,13034
C539188,84969,BOX OF 6 ASSORTED COLOUR TEASPOONS,-1.0,2023-11-01 09:25:41,4.25,13034
C539188,22386,JUMBO BAG PINK POLKADOT,-1.0,2023-11-01 09:25:41,1.95,13034
C539188,22384,LUNCH BAG PINK POLKADOT,-3.0,2023-11-01 09:25:41,1.65,13034
C539188,22633,HAND WARMER UNION JACK,-1.0,2023-11-01 09:25:41,1.85,13034
C539188,85099B,JUMBO BAG RED RETROSPOT,-2.0,2023-11-01 09:25:41,1.95,13034
C539203,22745,POPPY'S PLAYHOUSE BEDROOM,-5.0,2023-08-15 02:51:18,2.1,12503
C539223,85123A,WHITE HANGING HEART T-LIGHT HOLDER,-1.0,2023-11-13 20:02:33,2.55,13091
C539229,22384,LUNCH BAG PINK POLKADOT,-4.0,2023-05-21 00:52:39,1.65,12877
C539229,84879,ASSORTED COLOUR BIRD ORNAMENT,-2.0,2023-05-21 00:52:39,1.69,12877
C539229,20726,LUNCH BAG WOODLAND,-2.0,2023-05-21 00:52:39,1.65,12877
C539229,22630,DOORMAT KEEP CALM AND COME IN,-4.0,2023-05-21 00:52:39,6.75,12877
C539229,84969,BOX OF 6 ASSORTED COLOUR TEASPOONS,-4.0,2023-05-21 00:52:39,4.25,12877
C539229,84029G,KNITTED UNION FLAG HOT WATER BOTTLE,-1.0,2023-05-21 00:52:39,3.39,12877
C539230,84879,ASSORTED COLOUR BIRD ORNAMENT,-3.0,2023-10-18 18:25:53,1.69,13031
C539230,20726,LUNCH BAG WOODLAND,-4.0,2023-10-18 18:25:53,1.65,13031
C539230,22752,SET 7 BABUSHKA NESTING BOXES,-3.0,2023-10-18 18:25:53,7.65,13031
C539230,22382,LUNCH BAG SPACEBOY DESIGN,-2.0,2023-10-18 18:25:53,1.65,13031
C539230,22633,HAND WARMER UNION JACK,-4.0,2023-10-18 18:25:53,1.85,13031
C539230,22632,HAND WARMER RED POLKA DOT,-4.0,2023-10-18 18:25:53,1.85,13031
C539232,71053,WHITE METAL LANTERN,-4.0,2023-11-23 12:33:38,3.39,12607
C539232,85099F,JUMBO BAG STRAWBERRY,-3.0,2023-11-23 12:33:38,1.95,12607
C539258,84969,BOX OF 6 ASSORTED COLOUR TEASPOONS,-5.0,2023-06-24 11:10:42,4.25,12850
C539258,20727,LUNCH BAG BLACK SKULL.,-5.0,2023-06-24 11:10:42,1.65,12850
C539258,84406B,CREAM CUPID HEARTS COAT HANGER,-2.0,2023-06-24 11:10:42,2.75,12850
C539258,22310,IVORY KNITTED MUG COSY,-1.0,2023-06-24 11:10:42,1.65,12850
C539258,22411,JUMBO SHOPPER VINTAGE RED PAISLEY,-2.0,2023-06-24 11:10:42,1.95,12850
C539258,22382,LUNCH BAG SPACEBOY DESIGN,-5.0,2023-06-24 11:10:42,1.65,12850
C539264,20726,LUNCH BAG WOODLAND,-2.0,2023-10-01 03:47:15,1.65,12511
C539264,84029E,RED WOOLLY HOTTIE WHITE HEART.,-4.0,2023-10-01 03:47:15,3.39,12511
C539315,20727,LUNCH BAG BLACK SKULL.,-2.0,2023-02-27 02:13:14,1.65,12977
C539315,84029E,RED WOOLLY HOTTIE WHITE HEART.,-4.0,2023-02-27 02:13:14,3.39,12977
C539315,22384,LUNCH BAG PINK POLKADOT,-4.0,2023-02-27 02:13:14,1.65,12977
C539335,84969,BOX OF 6 ASSORTED COLOUR TEASPOONS,-1.0,2023-10-13 01:29:07,4.25,12877
C539335,22632,HAND WARMER RED POLKA DOT,-5.0,2023-10-13 01:29:07,1.85,12877
C539335,71053,WHITE METAL LANTERN,-2.0,2023-10-13 01:29:07,3.39,12877
C539339,22752,SET 7 BABUSHKA NESTING BOXES,-4.0,2023-02-03 19:44:47,7.65,12917
C539339,22411,JUMBO SHOPPER VINTAGE RED PAISLEY,-3.0,2023-02-03 19:44:47,1.95,12917
C539339,85099F,JUMBO BAG STRAWBERRY,-4.0,2023-02-03 19:44:47,1.95,12917
C539382,22630,DOORMAT KEEP CALM AND COME IN,-2.0,2023-09-22 09:36:00,6.75,12581
C539402,22749,POPPY'S PLAYHOUSE LIVINGROOM,-3.0,2023-05-29 09:56:09,2.1,13142
C539402,47566,PARTY BUNTING,-5.0,2023-05-29 09:56:09,4.65,13142
C539402,22630,DOORMAT KEEP CALM AND COME IN,-2.0,2023-05-29 09:56:09,6.75,13142
C539427,22748,POPPY'S PLAYHOUSE KITCHEN,-5.0,2023-12-06 04:44:13,2.1,12348
C539476,84879,ASSORTED COLOUR BIRD ORNAMENT,-4.0,2023-06-17 23:30:41,1.69,12485
C539476,20727,LUNCH BAG BLACK SKULL.,-5.0,2023-06-17 23:30:41,1.65,12485
C539476,84029E,RED WOOLLY HOTTIE WHITE HEART.,-2.0,2023-06-17 23:30:41,3.39,12485
C539476,22745,POPPY'S PLAYHOUSE BEDROOM,-2.0,2023-06-17 23:30:41,2.1,12485
C539476,22382,LUNCH BAG SPACEBOY DESIGN,-3.0,2023-06-17 23:30:41,1.65,12485
C539476,22749,POPPY'S PLAYHOUSE LIVINGROOM,-1.0,2023-06-17 23:30:41,2.1,12485
C539489,20725,LUNCH BAG RED RETROSPOT,-1.0,2023-01-17 23:18:35,1.65,12927
C539489,84879,ASSORTED COLOUR BIRD ORNAMENT,-5.0,2023-01-17 23:18:35,1.69,12927
C539489,22386,JUMBO BAG PINK POLKADOT,-2.0,2023-01-17 23:18:35,1.95,12927
C539489,84969,BOX OF 6 ASSORTED COLOUR TEASPOONS,-4.0,2023-01-17 23:18:35,4.25,12927
C539489,20728,LUNCH BAG CARS BLUE,-4.0,2023-01-17 23:18:35,1.65,12927
C539517,85099F,JUMBO BAG STRAWBERRY,-5.0,2023-05-15 22:20:15,1.95,12659
C539555,22310,IVORY KNITTED MUG COSY,-3.0,2023-10-18 18:41:06,1.65,12877
C539555,22383,LUNCH BAG SUKI DESIGN,-1.0,2023-10-18 18:41:06,1.65,12877
C539555,20726,LUNCH BAG WOODLAND,-3.0,2023-10-18 18:41:06,1.65,12877
C539555,22630,DOORMAT KEEP CALM AND COME IN,-1.0,2023-10-18 18:41:06,6.75,12877
C539555,84879,ASSORTED COLOUR BIRD ORNAMENT,-2.0,2023-10-18 18:41:06,1.69,12877
C539555,84029E,RED WOOLLY HOTTIE WHITE HEART.,-3.0,2023-10-18 18:41:06,3.39,12877
C539558,22086,PAPER CHAIN KIT 50'S CHRISTMAS,-4.0,2023-03-03 20:44:42,2.55,13113
C539558,84969,BOX OF 6 ASSORTED COLOUR TEASPOONS,-2.0,2023-03-03 20:44:42,4.25,13113
C539558,22386,JUMBO BAG PINK POLKADOT,-1.0,2023-03-03 20:44:42,1.95,13113
C539558,22748,POPPY'S PLAYHOUSE KITCHEN,-2.0,2023-03-03 20:44:42,2.1,13113
C539558,22383,LUNCH BAG SUKI DESIGN,-2.0,2023-03-03 20:44:42,1.65,13113
C539565,22086,PAPER CHAIN KIT 50'S CHRISTMAS,-5.0,2023-05-02 15:44:05,2.55,12824
C539573,20726,LUNCH BAG WOODLAND,-3.0,2023-03-30 03:08:22,1.65,12593
C539573,22382,LUNCH BAG SPACEBOY DESIGN,-4.0,2023-03-30 03:08:22,1.65,12593
C539573,71053,WHITE METAL LANTERN,-1.0,2023-03-30 03:08:22,3.39,12593
C539573,21931,JUMBO STORAGE BAG SUKI,-5.0,2023-03-30 03:08:22,1.95,12593
C539573,22386,JUMBO BAG PINK POLKADOT,-5.0,2023-03-30 03:08:22,1.95,12593
C539573,22630,DOORMAT KEEP CALM AND COME IN,-5.0,2023-03-30 03:08:22,6.75,12593
C539597,71053,WHITE METAL LANTERN,-4.0,2023-10-21 06:24:14,3.39,12815
C539597,22752,SET 7 BABUSHKA NESTING BOXES,-1.0,2023-10-21 06:24:14,7.65,12815
C539597,22382,LUNCH BAG SPACEBOY DESIGN,-1.0,2023-10-21 06:24:14,1.65,12815
C539631,22383,LUNCH BAG SUKI DESIGN,-5.0,2023-11-05 01:29:12,1.65,12877
C539631,22382,LUNCH BAG SPACEBOY DESIGN,-1.0,2023-11-05 01:29:12,1.65,12877
C539631,22748,POPPY'S PLAYHOUSE KITCHEN,-4.0,2023-11-05 01:29:12,2.1,12877
C539634,21931,JUMBO STORAGE BAG SUKI,-3.0,2023-08-24 09:01:32,1.95,12803
C539649,22310,IVORY KNITTED MUG COSY,-2.0,2023-11-18 00:20:22,1.65,12633
C539649,85099B,JUMBO BAG RED RETROSPOT,-1.0,2023-11-18 00:20:22,1.95,12633
C539649,71053,WHITE METAL LANTERN,-4.0,2023-11-18 00:20:22,3.39,12633
C539649,22633,HAND WARMER UNION JACK,-1.0,2023-11-18 00:20:22,1.85,12633
C539649,21931,JUMBO STORAGE BAG SUKI,-5.0,2023-11-18 00:20:22,1.95,12633
C539655,22630,DOORMAT KEEP CALM AND COME IN,-4.0,2023-07-25 23:24:14,6.75,12783
C539655,20728,LUNCH BAG CARS BLUE,-1.0,2023-07-25 23:24:14,1.65,12783
C539655,22310,IVORY KNITTED MUG COSY,-2.0,2023-07-25 23:24:14,1.65,12783
C539655,85099F,JUMBO BAG STRAWBERRY,-4.0,2023-07-25 23:24:14,1.95,12783
C539701,84879,ASSORTED COLOUR BIRD ORNAMENT,-3.0,2023-07-04 19:35:56,1.69,12441
C539701,84029G,KNITTED UNION FLAG HOT WATER BOTTLE,-1.0,2023-07-04 19:35:56,3.39,12441
C539701,21730,GLASS STAR FROSTED T-LIGHT HOLDER,-1.0,2023-07-04 19:35:56,4.25,12441
C539727,22384,LUNCH BAG PINK POLKADOT,-4.0,2023-04-17 10:25:43,1.65,12877
C539727,22386,JUMBO BAG PINK POLKADOT,-5.0,2023-04-17 10:25:43,1.95,12877
C539727,22382,LUNCH BAG SPACEBOY DESIGN,-3.0,2023-04-17 10:25:43,1.65,12877
C539727,84029E,RED WOOLLY HOTTIE WHITE HEART.,-1.0,2023-04-17 10:25:43,3.39,12877
C539727,22745,POPPY'S PLAYHOUSE BEDROOM,-5.0,2023-04-17 10:25:43,2.1,12877
C539727,85099F,JUMBO BAG STRAWBERRY,-4.0,2023-04-17 10:25:43,1.95,12877
C539747,22632,HAND WARMER RED POLKA DOT,-3.0,2023-06-20 18:59:36,1.85,12626
C539758,20725,LUNCH BAG RED RETROSPOT,-3.0,2023-08-28 22:45:00,1.65,12485
C539785,22384,LUNCH BAG PINK POLKADOT,-2.0,2023-06-01 05:54:38,1.65,12747
C539797,22411,JUMBO SHOPPER VINTAGE RED PAISLEY,-1.0,2023-03-10 14:49:37,1.95,12877
C539797,22386,JUMBO BAG PINK POLKADOT,-3.0,2023-03-10 14:49:37,1.95,12877
C539813,22382,LUNCH BAG SPACEBOY DESIGN,-1.0,2023-10-10 05:47:08,1.65,12532
C539813,84969,BOX OF 6 ASSORTED COLOUR TEASPOONS,-3.0,2023-10-10 05:47:08,4.25,12532
C539813,84879,ASSORTED COLOUR BIRD ORNAMENT,-1.0,2023-10-10 05:47:08,1.69,12532
C539813,22748,POPPY'S PLAYHOUSE KITCHEN,-5.0,2023-10-10 05:47:08,2.1,12532
C539822,22748,POPPY'S PLAYHOUSE KITCHEN,-4.0,2023-09-05 19:43:17,2.1,12877
C539822,21931,JUMBO STORAGE BAG SUKI,-3.0,2023-09-05 19:43:17,1.95,12877
C539823,22752,SET 7 BABUSHKA NESTING BOXES,-3.0,2023-11-08 09:28:37,7.65,12965
C539823,22086,PAPER CHAIN KIT 50'S CHRISTMAS,-4.0,2023-11-08 09:28:37,2.55,12965
C539906,85099F,JUMBO BAG STRAWBERRY,-4.0,2023-07-19 16:25:28,1.95,12921
C539906,22632,HAND WARMER RED POLKA DOT,-1.0,2023-07-19 16:25:28,1.85,12921
C539917,20726,LUNCH BAG WOODLAND,-1.0,2023-11-12 16:25:55,1.65,12606
C539917,84029E,RED WOOLLY HOTTIE WHITE HEART.,-4.0,2023-11-12 16:25:55,3.39,12606
C539929,20728,LUNCH BAG CARS BLUE,-3.0,2023-03-11 03:05:05,1.65,12809
C539929,47566,PARTY BUNTING,-1.0,2023-03-11 03:05:05,4.65,12809
C539929,22632,HAND WARMER RED POLKA DOT,-1.0,2023-03-11 03:05:05,1.85,12809
C539929,85099B,JUMBO BAG RED RETROSPOT,-2.0,2023-03-11 03:05:05,1.95,12809
C539929,22745,POPPY'S PLAYHOUSE BEDROOM,-4.0,2023-03-11 03:05:05,2.1,12809
C539929,84406B,CREAM CUPID HEARTS COAT HANGER,-4.0,2023-03-11 03:05:05,2.75,12809
C539961,21931,JUMBO STORAGE BAG SUKI,-1.0,2023-10-25 22:14:47,1.95,12981
C539962,85123A,WHITE HANGING HEART T-LIGHT HOLDER,-1.0,2023-08-27 09:25:31,2.55,12877
C539962,20725,LUNCH BAG RED RETROSPOT,-5.0,2023-08-27 09:25:31,1.65,12877
C540008,22633,HAND WARMER UNION JACK,-3.0,2023-07-25 09:25:49,1.85,13007
C540008,20728,LUNCH BAG CARS BLUE,-2.0,2023-07-25 09:25:49,1.65,13007
C540008,22752,SET 7 BABUSHKA NESTING BOXES,-2.0,2023-07-25 09:25:49,7.65,13007
540045,20727,LUNCH BAG BLACK SKULL.,3.0,2023-09-14 15:13:12,0.0,12593
C540050,21931,JUMBO STORAGE BAG SUKI,-3.0,2023-05-26 11:23:25,1.95,12450
C540050,22411,JUMBO SHOPPER VINTAGE RED PAISLEY,-5.0,2023-05-26 11:23:25,1.95,12450
C540050,85099B,JUMBO BAG RED RETROSPOT,-2.0,2023-05-26 11:23:25,1.95,12450
C540050,22749,POPPY'S PLAYHOUSE LIVINGROOM,-5.0,2023-05-26 11:23:25,2.1,12450
C540050,22632,HAND WARMER RED POLKA DOT,-5.0,2023-05-26 11:23:25,1.85,12450
C540050,22633,HAND WARMER UNION JACK,-1.0,2023-05-26 11:23:25,1.85,12450
C540051,22632,HAND WARMER RED POLKA DOT,-2.0,2023-06-10 19:53:15,1.85,12821
C540051,22382,LUNCH BAG SPACEBOY DESIGN,-2.0,2023-06-10 19:53:15,1.65,12821
C540056,21931,JUMBO STORAGE BAG SUKI,-1.0,2023-07-07 00:17:37,1.95,12817
C540056,85099F,JUMBO BAG STRAWBERRY,-5.0,2023-07-07 00:17:37,1.95,12817
C540056,22086,PAPER CHAIN KIT 50'S CHRISTMAS,-5.0,2023-07-07 00:17:37,2.55,12817
C540056,22384,LUNCH BAG PINK POLKADOT,-4.0,2023-07-07 00:17:37,1.65,12817
C540059,47566,PARTY BUNTING,-5.0,2023-09-05 06:58:11,4.65,12593
C540059,22310,IVORY KNITTED MUG COSY,-2.0,2023-09-05 06:58:11,1.65,12593
C540059,20727,LUNCH BAG BLACK SKULL.,-5.0,2023-09-05 06:58:11,1.65,12593
C540121,21730,GLASS STAR FROSTED T-LIGHT HOLDER,-3.0,2023-03-15 12:03:10,4.25,12736
C540121,47566,PARTY BUNTING,-3.0,2023-03-15 12:03:10,4.65,12736
C540121,22748,POPPY'S PLAYHOUSE KITCHEN,-5.0,2023-03-15 12:03:10,2.1,12736
C540123,20728,LUNCH BAG CARS BLUE,-2.0,2023-09-09 07:33:54,1.65,12757
C540141,22748,POPPY'S PLAYHOUSE KITCHEN,-5.0,2023-04-29 03:09:52,2.1,12758
C540141,84406B,CREAM CUPID HEARTS COAT HANGER,-5.0,2023-04-29 03:09:52,2.75,12758
C540141,85099F,JUMBO BAG STRAWBERRY,-5.0,2023-04-29 03:09:52,1.95,12758
C540150,22749,POPPY'S PLAYHOUSE LIVINGROOM,-4.0,2023-09-06 16:06:22,2.1,12877
C540150,20727,LUNCH BAG BLACK SKULL.,-3.0,2023-09-06 16:06:22,1.65,12877
C540150,84969,BOX OF 6 ASSORTED COLOUR TEASPOONS,-2.0,2023-09-06 16:06:22,4.25,12877
C540183,22386,JUMBO BAG PINK POLKADOT,-2.0,2023-11-10 16:46:18,1.95,13041
C540238,22382,LUNCH BAG SPACEBOY DESIGN,-2.0,2023-07-22 17:26:57,1.65,12391
C540238,47566,PARTY BUNTING,-3.0,2023-07-22 17:26:57,4.65,12391
C540238,22745,POPPY'S PLAYHOUSE BEDROOM,-5.0,2023-07-22 17:26:57,2.1,12391
C540238,22310,IVORY KNITTED MUG COSY,-1.0,2023-07-22 17:26:57,1.65,12391
C540238,22749,POPPY'S PLAYHOUSE LIVINGROOM,-5.0,2023-07-22 17:26:57,2.1,12391
C540245,84879,ASSORTED COLOUR BIRD ORNAMENT,-4.0,2023-11-21 05:30:24,1.69,12787
C540247,71053,WHITE METAL LANTERN,-3.0,2023-09-16 06:45:22,3.39,12927
C540247,22752,SET 7 BABUSHKA NESTING BOXES,-1.0,2023-09-16 06:45:22,7.65,12927
C540247,22748,POPPY'S PLAYHOUSE KITCHEN,-2.0,2023-09-16 06:45:22,2.1,12927
C540247,22749,POPPY'S PLAYHOUSE LIVINGROOM,-5.0,2023-09-16 06:45:22,2.1,12927
C540247,84029E,RED WOOLLY HOTTIE WHITE HEART.,-4.0,2023-09-16 06:45:22,3.39,12927
C540247,84969,BOX OF 6 ASSORTED COLOUR TEASPOONS,-1.0,2023-09-16 06:45:22,4.25,12927
C540251,22630,DOORMAT KEEP CALM AND COME IN,-5.0,2023-10-14 08:18:10,6.75,12682
C540251,85099B,JUMBO BAG RED RETROSPOT,-1.0,2023-10-14 08:18:10,1.95,12682
C540251,21730,GLASS STAR FROSTED T-LIGHT HOLDER,-4.0,2023-10-14 08:18:10,4.25,12682
C540251,22086,PAPER CHAIN KIT 50'S CHRISTMAS,-5.0,2023-10-14 08:18:10,2.55,12682
C540251,84969,BOX OF 6 ASSORTED COLOUR TEASPOONS,-3.0,2023-10-14 08:18:10,4.25,12682
C540251,20726,LUNCH BAG WOODLAND,-3.0,2023-10-14 08:18:10,1.65,12682
C540256,22630,DOORMAT KEEP CALM AND COME IN,-3.0,2023-10-05 19:24:58,6.75,13097
C540256,22752,SET 7 BABUSHKA NESTING BOXES,-3.0,2023-10-05 19:24:58,7.65,13097
C540256,22086,PAPER CHAIN KIT 50'S CHRISTMAS,-2.0,2023-10-05 19:24:58,2.55,13097
C540286,22749,POPPY'S PLAYHOUSE LIVINGROOM,-5.0,2023-11-02 11:03:25,2.1,12651
C540321,84029E,RED WOOLLY HOTTIE WHITE HEART.,-4.0,2023-11-30 14:12:25,3.39,12529
C540321,20727,LUNCH BAG BLACK SKULL.,-2.0,2023-11-30 14:12:25,1.65,12529
C540321,71053,WHITE METAL LANTERN,-5.0,2023-11-30 14:12:25,3.39,12529
C540334,22384,LUNCH BAG PINK POLKADOT,-3.0,2023-10-16 11:02:06,1.65,12380
C540334,22632,HAND WARMER RED POLKA DOT,-4.0,2023-10-16 11:02:06,1.85,12380
C540334,22310,IVORY KNITTED MUG COSY,-2.0,2023-10-16 11:02:06,1.65,12380
C540334,84029G,KNITTED UNION FLAG HOT WATER BOTTLE,-4.0,2023-10-16 11:02:06,3.39,12380
C540335,71053,WHITE METAL LANTERN,-2.0,2023-09-11 05:22:30,3.39,12792
C540335,47566,PARTY BUNTING,-3.0,2023-09-11 05:22:30,4.65,12792
C540361,84879,ASSORTED COLOUR BIRD ORNAMENT,-2.0,2023-05-20 17:15:01,1.69,12877
C540402,84879,ASSORTED COLOUR BIRD ORNAMENT,-2.0,2023-05-02 15:35:38,1.69,13007
C540402,22384,LUNCH BAG PINK POLKADOT,-5.0,2023-05-02 15:35:38,1.65,13007
C540402,22745,POPPY'S PLAYHOUSE BEDROOM,-5.0,2023-05-02 15:35:38,2.1,13007
C540402,84969,BOX OF 6 ASSORTED COLOUR TEASPOONS,-1.0,2023-05-02 15:35:38,4.25,13007
C540436,47566,PARTY BUNTING,-3.0,2023-10-23 06:57:20,4.65,12533
C540436,22386,JUMBO BAG PINK POLKADOT,-4.0,2023-10-23 06:57:20,1.95,12533
C540436,22752,SET 7 BABUSHKA NESTING BOXES,-4.0,2023-10-23 06:57:20,7.65,12533
C540436,22633,HAND WARMER UNION JACK,-2.0,2023-10-23 06:57:20,1.85,12533
C540436,22411,JUMBO SHOPPER VINTAGE RED PAISLEY,-2.0,2023-10-23 06:57:20,1.95,12533
C540481,22748,POPPY'S PLAYHOUSE KITCHEN,-5.0,2023-03-16 03:07:00,2.1,13061
C540481,85123A,WHITE HANGING HEART T-LIGHT HOLDER,-2.0,2023-03-16 03:07:00,2.55,13061
C540481,84406B,CREAM CUPID HEARTS COAT HANGER,-2.0,2023-03-16 03:07:00,2.75,13061
C540481,85099B,JUMBO BAG RED RETROSPOT,-2.0,2023-03-16 03:07:00,1.95,13061
C540481,85099F,JUMBO BAG STRAWBERRY,-4.0,2023-03-16 03:07:00,1.95,13061
540566,22310,IVORY KNITTED MUG COSY,1.0,2023-04-16 19:37:49,0.0,12799
